Year,Month,Category,HK,KLN,NT
1999,1,A,42663,36842,36679
1999,2,A,43068,35834,36802
1999,3,A,42683,36731,36992
1999,4,A,43223,36543,36485
1999,5,A,43316,36449,38035
1999,6,A,43288,36250,36719
1999,7,A,42139,35394,36064
1999,8,A,41998,34548,34919
1999,9,A,40428,32982,33985
1999,10,A,39151,34207,34079
1999,11,A,38034,33152,32165
1999,12,A,39408,34339,33419
2000,1,A,39443,33390,34199
2000,2,A,40426,34402,33652
2000,3,A,37748,32558,33314
2000,4,A,39272,32064,33295
2000,5,A,37366,31191,31671
2000,6,A,33972,29843,29840
2000,7,A,34988,30525,31009
2000,8,A,33832,31034,30884
2000,9,A,33816,30230,31267
2000,10,A,34698,30538,30572
2000,11,A,33406,28172,28440
2000,12,A,33203,28094,28773
2001,1,A,31920,28115,27699
2001,2,A,33026,27372,28021
2001,3,A,33460,28065,28832
2001,4,A,32332,27921,28706
2001,5,A,32679,27423,28755
2001,6,A,33050,27277,28343
2001,7,A,32495,26356,28684
2001,8,A,32722,26375,28091
2001,9,A,30410,25464,27632
2001,10,A,29752,24896,26294
2001,11,A,30671,24650,26685
2001,12,A,30071,25240,26157
2002,1,A,31248,25122,25881
2002,2,A,31350,25496,26055
2002,3,A,30280,24173,25502
2002,4,A,30433,24138,24984
2002,5,A,30071,23886,25047
2002,6,A,30196,23173,25570
2002,7,A,29128,23111,24728
2002,8,A,27738,23070,23964
2002,9,A,26773,22266,23275
2002,10,A,26037,21713,22789
2002,11,A,26191,21703,21976
2002,12,A,25918,21363,22163
2003,1,A,26289,21307,21542
2003,2,A,24598,20955,21093
2003,3,A,24991,20754,21161
2003,4,A,25456,20142,20539
2003,5,A,24497,20374,19992
2003,6,A,23904,20061,19840
2003,7,A,23363,19768,20048
2003,8,A,23875,20232,19724
2003,9,A,27009,20772,20413
2003,10,A,27276,20858,21330
2003,11,A,27280,21706,21592
2003,12,A,27698,22408,22428
2004,1,A,30004,22261,23848
2004,2,A,31530,24064,24506
2004,3,A,32431,24703,26459
2004,4,A,31875,25699,26484
2004,5,A,30567,25224,26792
2004,6,A,29761,23879,25570
2004,7,A,30974,23985,25222
2004,8,A,31658,24898,26703
2004,9,A,33581,25840,27505
2004,10,A,35114,27245,28620
2004,11,A,34647,26416,27927
2004,12,A,35652,26485,27560
2005,1,A,37045,27202,28514
2005,2,A,38486,29024,29461
2005,3,A,38900,30511,31980
2005,4,A,39826,31053,31364
2005,5,A,39622,31073,31014
2005,6,A,38906,29418,30559
2005,7,A,39331,29349,29680
2005,8,A,39992,30365,31054
2005,9,A,39830,31036,30733
2005,10,A,40632,30661,29452
2005,11,A,37186,28705,27829
2005,12,A,39303,28081,30025
2006,1,A,40024,28943,29874
2006,2,A,41882,28326,29682
2006,3,A,41219,30214,29896
2006,4,A,43048,29174,29925
2006,5,A,43767,30639,29284
2006,6,A,42897,30574,28325
2006,7,A,40559,30001,28527
2006,8,A,44119,30400,28703
2006,9,A,43659,30503,28672
2006,10,A,43343,29977,28176
2006,11,A,43671,30055,28150
2006,12,A,44724,31369,27847
2007,1,A,45487,31921,28675
2007,2,A,46131,32196,29940
2007,3,A,46548,33719,30960
2007,4,A,48101,33602,30971
2007,5,A,49843,34579,30891
2007,6,A,50808,35040,30805
2007,7,A,49818,35832,31695
2007,8,A,51374,36519,32026
2007,9,A,51438,37749,32273
2007,10,A,54015,39447,33540
2007,11,A,60085,41770,35375
2007,12,A,62373,43255,36333
2008,1,A,65273,44018,38869
2008,2,A,67910,43820,38802
2008,3,A,68226,42680,38314
2008,4,A,65776,43081,37205
2008,5,A,66992,44359,38775
2008,6,A,65976,44858,38257
2008,7,A,63839,42399,37842
2008,8,A,60337,41902,38200
2008,9,A,59021,43326,37532
2008,10,A,57648,41444,35147
2008,11,A,48596,37576,33873
2008,12,A,50641,38305,33582
2009,1,A,52222,39222,34723
2009,2,A,51852,36104,35128
2009,3,A,51690,38051,35542
2009,4,A,55885,40829,37352
2009,5,A,58307,42204,37498
2009,6,A,61973,44292,38649
2009,7,A,62942,45117,39306
2009,8,A,65105,46619,40905
2009,9,A,65886,47316,40719
2009,10,A,66375,47836,40662
2009,11,A,67497,47260,41732
2009,12,A,67902,50165,42951
2010,1,A,69915,51567,44673
2010,2,A,71338,52695,44597
2010,3,A,73059,52851,44622
2010,4,A,73358,53473,45827
2010,5,A,71391,52676,45639
2010,6,A,73768,54030,48242
2010,7,A,75519,57136,49510
2010,8,A,77872,57291,49225
2010,9,A,78139,56085,48389
2010,10,A,81186,59197,51192
2010,11,A,82571,60529,52445
2010,12,A,83589,60213,53545
2011,1,A,88425,64593,55872
2011,2,A,93341,67086,56885
2011,3,A,92831,66806,56940
2011,4,A,95691,67904,58902
2011,5,A,94814,68927,60012
2011,6,A,95488,70519,59881
2011,7,A,92824,66975,58981
2011,8,A,93635,68806,60696
2011,9,A,95689,69855,60330
2011,10,A,92908,67061,57048
2011,11,A,96360,67230,55957
2011,12,A,93517,66898,56499
2012,1,A,92928,65076,57524
2012,2,A,95270,71628,61181
2012,3,A,102550,75411,63080
2012,4,A,104518,77571,64259
2012,5,A,108161,79167,65140
2012,6,A,105379,76989,64492
2012,7,A,107276,81935,68493
2012,8,A,111814,83444,72262
2012,9,A,115716,85739,74303
2012,10,A,118979,88110,75941
2012,11,A,123635,89868,76292
2012,12,A,117962,87584,77686
2013,1,A,123192,92438,82847
2013,2,A,127260,94229,81866
2013,3,A,126360,92668,84035
2013,4,A,121604,92540,80478
2013,5,A,123554,96811,83010
2013,6,A,122682,96937,84319
2013,7,A,124162,94964,84355
2013,8,A,123976,97537,84803
2013,9,A,124556,95258,83246
2013,10,A,118825,94452,83396
2013,11,A,122325,94939,81155
2013,12,A,120196,94042,83257
2014,1,A,122912,94583,83760
2014,2,A,122031,95923,83534
2014,3,A,122272,95963,84827
2014,4,A,124046,97350,86617
2014,5,A,123284,101455,88812
2014,6,A,125779,103124,89724
2014,7,A,126390,103960,91973
2014,8,A,130909,106452,92231
2014,9,A,133552,105985,94501
2014,10,A,133211,113331,95800
2014,11,A,134900,112186,97153
2014,12,A,138166,112619,101034
2015,1,A,142185,116929,104719
2015,2,A,147092,119297,106392
2015,3,A,148875,112545,104778
2015,4,A,146094,116134,105166
2015,5,A,147960,118409,109038
2015,6,A,147821,122337,113816
2015,7,A,151462,123736,114705
2015,8,A,150395,124574,112796
2015,9,A,149928,120022,108030
2015,10,A,144388,114392,102668
2015,11,A,141753,108690,100809
2015,12,A,135326,108080,101079
2016,1,A,136457,104023,96646
2016,2,A,125025,107502,96064
2016,3,A,127715,103717,95951
2016,4,A,129431,106356,97765
2016,5,A,133507,108231,97458
2016,6,A,130647,109073,98504
2016,7,A,135071,109448,98910
2016,8,A,138947,115267,104381
2016,9,A,141802,116264,106982
2016,10,A,145297,119074,107950
2016,11,A,143519,117985,110819
2016,12,A,141810,116320,112090
2017,1,A,149334,121979,112391
2017,2,A,145930,121875,116036
2017,3,A,152631,125553,118811
2017,4,A,160625,132594,123041
2017,5,A,159429,127803,120992
2017,6,A,154076,128596,119100
2017,7,A,161377,128572,119819
2017,8,A,164308,129735,121048
2017,9,A,158448,131876,122362
2017,10,A,158716,134022,124552
2017,11,A,164230,136552,125342
2017,12,A,164551,138535,129226
2018,1,A,171329,140763,132075
2018,2,A,172459,147791,131983
2018,3,A,174970,149386,135073
2018,4,A,183541,149355,139675
2018,5,A,181374,152141,141153
2018,6,A,184662,160077,147492
2018,7,A,190109,156704,143969
2018,8,A,186766,157093,144151
2018,9,A,182792,148211,142034
2018,10,A,184393,141335,138176
2018,11,A,175257,137141,132535
2018,12,A,175079,142474,129823
2019,1,A,163044,145988,136453
2019,2,A,172031,146927,137073
2019,3,A,181222,153797,140244
2019,4,A,186085,160287,145658
2019,5,A,190792,162146,147974
2019,6,A,182373,163429,149747
2019,7,A,189954,160413,146416
2019,8,A,197019,160946,143109
2019,9,A,176663,157674,148197
2019,10,A,179779,158850,146383
2019,11,A,189002,156176,151104
2019,12,A,183099,157336,141148
2020,1,A,186656,161816,146351
2020,2,A,188777,157445,145891
2020,3,A,186176,160734,148592
2020,4,A,186019,161870,151729
2020,5,A,189977,167178,153680
2020,6,A,186627,162498,150996
2020,7,A,190525,166842,151689
2020,8,A,186969,157940,146537
2020,9,A,185914,167691,151170
2020,10,A,186028,160966,147211
2020,11,A,187056,164892,150776
2020,12,A,182175,162943,146960
2021,1,A,186334,161519,150098
2021,2,A,189786,165609,152040
2021,3,A,187117,165853,153226
2021,4,A,186745,164583,155560
2021,5,A,193890,164964,152140
2021,6,A,191786,167908,155220
2021,7,A,194797,172575,151309
2021,8,A,196719,170002,152199
2021,9,A,189721,171188,152367
2021,10,A,186889,162494,153204
2021,11,A,185735,160924,154586
2021,12,A,182038,158895,150227
1999,1,B,50141,37945,35797
1999,2,B,47950,38428,35117
1999,3,B,51060,38254,35948
1999,4,B,50189,39445,36068
1999,5,B,50650,37945,36757
1999,6,B,49864,37743,36384
1999,7,B,50941,37189,35798
1999,8,B,50332,36339,35035
1999,9,B,47243,34233,33732
1999,10,B,47020,34568,33359
1999,11,B,44567,34859,32581
1999,12,B,48034,36934,32523
2000,1,B,48927,35433,34248
2000,2,B,47088,34902,34038
2000,3,B,45595,31843,32806
2000,4,B,45075,33574,32275
2000,5,B,43936,32345,31922
2000,6,B,41116,29948,30361
2000,7,B,41722,31043,30558
2000,8,B,42141,31766,30578
2000,9,B,43321,32441,30690
2000,10,B,43271,30471,30003
2000,11,B,41622,28237,29429
2000,12,B,39093,28123,28979
2001,1,B,40075,28792,28758
2001,2,B,39455,29117,28388
2001,3,B,41489,29118,29080
2001,4,B,39141,27647,28010
2001,5,B,38975,28480,27997
2001,6,B,41718,32114,28736
2001,7,B,40148,28834,28999
2001,8,B,38168,28334,28412
2001,9,B,39760,27496,27650
2001,10,B,35257,26543,26647
2001,11,B,35706,26168,25715
2001,12,B,35960,26638,25844
2002,1,B,36588,26590,25167
2002,2,B,34514,26555,25704
2002,3,B,35859,25852,24835
2002,4,B,35584,26254,24962
2002,5,B,34911,25792,26347
2002,6,B,34531,25287,25511
2002,7,B,33724,24990,25099
2002,8,B,33470,24370,23731
2002,9,B,33324,22697,24223
2002,10,B,32038,22426,23118
2002,11,B,31291,21986,22770
2002,12,B,31542,22520,22672
2003,1,B,31710,22346,21872
2003,2,B,30682,22719,21282
2003,3,B,27756,20056,21136
2003,4,B,27808,19834,20193
2003,5,B,28054,20503,20407
2003,6,B,27661,21047,20197
2003,7,B,28857,20864,20543
2003,8,B,28883,21027,20301
2003,9,B,31721,21930,21394
2003,10,B,32310,23598,21886
2003,11,B,33511,23711,22272
2003,12,B,32995,23844,23006
2004,1,B,36364,29286,24360
2005,2,B,39833,30241,25637
2006,3,B,42355,33006,27091
2007,4,B,41253,33599,28509
2008,5,B,39250,30497,27316
2009,6,B,36916,28114,26588
2010,7,B,38168,28046,26806
2011,8,B,40681,29849,28241
2012,9,B,43786,35468,29326
2013,10,B,46766,37975,30489
2014,11,B,43931,35519,29472
2015,12,B,45415,35715,29372
2005,1,B,47389,36457,30268
2005,2,B,48276,40266,32406
2005,3,B,51771,43329,32891
2005,4,B,50275,41465,33155
2005,5,B,50974,39543,34220
2005,6,B,48338,36050,32303
2005,7,B,47693,38280,33040
2005,8,B,49893,39116,34348
2005,9,B,48925,39433,32889
2005,10,B,49372,34611,31580
2005,11,B,45021,31104,30640
2005,12,B,47630,36270,32098
2006,1,B,49657,38392,32532
2006,2,B,49519,39483,31730
2006,3,B,52860,37687,31857
2006,4,B,52764,39302,32630
2006,5,B,52955,38482,31885
2006,6,B,50377,38910,30828
2006,7,B,51122,37865,30795
2006,8,B,53547,37992,30556
2006,9,B,53387,36527,30215
2006,10,B,52579,37623,29964
2006,11,B,52380,37571,30651
2006,12,B,53369,37533,30366
2007,1,B,53951,39581,30963
2007,2,B,55735,43605,32042
2007,3,B,54451,41294,31687
2007,4,B,55472,41009,32166
2007,5,B,58002,42233,32418
2007,6,B,59188,43184,32304
2007,7,B,59457,46256,32487
2007,8,B,59957,46699,33326
2007,9,B,61533,46721,34198
2007,10,B,64277,51867,35858
2007,11,B,69901,55676,37441
2007,12,B,73813,57823,38050
2008,1,B,76881,58834,39342
2008,2,B,78022,59054,38551
2008,3,B,76791,54128,37217
2008,4,B,75849,52178,37120
2008,5,B,75716,53940,39911
2008,6,B,75729,54197,39721
2008,7,B,72186,50088,38350
2008,8,B,68647,52038,38442
2008,9,B,69990,52359,38904
2008,10,B,61541,48655,37071
2008,11,B,57955,46520,34240
2008,12,B,58238,47213,35192
2009,1,B,61526,47605,36017
2009,2,B,61220,44402,36127
2009,3,B,62341,47499,36108
2009,4,B,67255,53430,38526
2009,5,B,69097,53420,38463
2009,6,B,71654,56655,39514
2009,7,B,72654,55647,39862
2009,8,B,74816,59194,40473
2009,9,B,78060,59299,41019
2009,10,B,77133,57780,40965
2009,11,B,76460,55968,40883
2009,12,B,76992,63755,42098
2010,1,B,80597,65239,43682
2010,2,B,83889,66508,43362
2010,3,B,82777,66420,44632
2010,4,B,83377,66333,44859
2010,5,B,82166,65119,44410
2010,6,B,84890,67813,47301
2010,7,B,86947,72096,49260
2010,8,B,86904,71032,48277
2010,9,B,89152,73491,47282
2010,10,B,92810,72045,49677
2010,11,B,94796,75429,50752
2010,12,B,91947,76007,51522
2011,1,B,96477,82704,55145
2011,2,B,99258,84776,55747
2011,3,B,101002,81550,55104
2011,4,B,102970,82955,55733
2011,5,B,107177,82780,58009
2011,6,B,107161,83304,57990
2011,7,B,102284,79168,55907
2011,8,B,104662,79253,58198
2011,9,B,105277,84100,59065
2011,10,B,98360,78920,56175
2011,11,B,102518,79009,54988
2011,12,B,100361,77573,53632
2012,1,B,95206,75947,55231
2012,2,B,102189,84485,58477
2012,3,B,105256,89631,61635
2012,4,B,108551,88755,63293
2012,5,B,111484,91668,64245
2012,6,B,113009,86844,62143
2012,7,B,112207,91613,65386
2012,8,B,113685,97769,68879
2012,9,B,121559,99672,70572
2012,10,B,123103,104374,73025
2012,11,B,121413,103466,70242
2012,12,B,124757,101276,71205
2013,1,B,126158,108264,75067
2013,2,B,131670,108317,77087
2013,3,B,128570,107876,74210
2013,4,B,123937,93734,71563
2013,5,B,125464,105313,76307
2013,6,B,127009,104344,77651
2013,7,B,127168,103024,75735
2013,8,B,128298,105477,76021
2013,9,B,131131,102377,75615
2013,10,B,119528,95528,74674
2013,11,B,124613,95464,73682
2013,12,B,122791,102278,74543
2014,1,B,120714,102645,73153
2014,2,B,118475,99396,74808
2014,3,B,127423,101480,76769
2014,4,B,126576,101635,76578
2014,5,B,124808,105688,78782
2014,6,B,125268,107610,81696
2014,7,B,129421,107638,82961
2014,8,B,130015,112940,82717
2014,9,B,134093,111655,82821
2014,10,B,132068,112477,84318
2014,11,B,137402,113685,85454
2014,12,B,138205,119118,88665
2015,1,B,140527,121402,91268
2015,2,B,145126,121840,92028
2015,3,B,150289,119964,92482
2015,4,B,148475,119159,93346
2015,5,B,151728,124110,95574
2015,6,B,153461,125591,97813
2015,7,B,152175,128291,99534
2015,8,B,153073,124979,99686
2015,9,B,150115,117509,93686
2015,10,B,146295,111165,91530
2015,11,B,137688,112494,87276
2015,12,B,136718,108247,87842
2016,1,B,143632,109071,83353
2016,2,B,131983,110148,83513
2016,3,B,133682,112064,85780
2016,4,B,132320,111303,88045
2016,5,B,134256,111662,88584
2016,6,B,134963,110717,88775
2016,7,B,134731,117487,90957
2016,8,B,140168,114848,92999
2016,9,B,144356,120996,96947
2016,10,B,146160,122991,98973
2016,11,B,146919,114467,95528
2016,12,B,149356,123792,97830
2017,1,B,149245,118786,98651
2017,2,B,150962,129104,100876
2017,3,B,153420,130990,104857
2017,4,B,161774,134709,108561
2017,5,B,162488,125081,104756
2017,6,B,170678,125461,106722
2017,7,B,158037,130311,101408
2017,8,B,162533,127793,103881
2017,9,B,160460,133062,108131
2017,10,B,160567,132749,108076
2017,11,B,166462,137656,113119
2017,12,B,170118,136298,112829
2018,1,B,170467,141290,115354
2018,2,B,175351,146427,117872
2018,3,B,169328,147390,116440
2018,4,B,176744,148831,119473
2018,5,B,177459,151918,123144
2018,6,B,179950,156826,128706
2018,7,B,186035,143081,126824
2018,8,B,179921,151818,124646
2018,9,B,183081,145786,118306
2018,10,B,175261,133078,114279
2018,11,B,175277,141218,113090
2018,12,B,171390,141012,111932
2019,1,B,171249,137135,115036
2019,2,B,176403,149822,124009
2019,3,B,182260,154771,124538
2019,4,B,186843,156441,127335
2019,5,B,188190,159310,128496
2019,6,B,186971,152942,124108
2019,7,B,199707,159446,128381
2019,8,B,180414,145629,122635
2019,9,B,174598,148587,122968
2019,10,B,180111,154360,125072
2019,11,B,182215,157301,132716
2019,12,B,185591,156321,123794
2020,1,B,182636,154893,129376
2020,2,B,183132,159024,127825
2020,3,B,181228,156536,130572
2020,4,B,179921,157812,129074
2020,5,B,185216,162672,134271
2020,6,B,185937,160666,131332
2020,7,B,183666,166535,132428
2020,8,B,182370,160989,132274
2020,9,B,178489,162937,133852
2020,10,B,183471,161530,132406
2020,11,B,181836,155957,134218
2020,12,B,180803,161331,132295
2021,1,B,182804,157182,133466
2021,2,B,181785,164365,135222
2021,3,B,181911,164627,137198
2021,4,B,183579,160950,136828
2021,5,B,186691,164700,136021
2021,6,B,188970,163997,139237
2021,7,B,187900,165977,140114
2021,8,B,185971,160572,137688
2021,9,B,183417,159256,134346
2021,10,B,184600,151232,133457
2021,11,B,188298,152581,135305
2021,12,B,180230,155688,134759
1999,1,C,60466,45796,43298
1999,2,C,60486,47357,41314
1999,3,C,62962,45549,41377
1999,4,C,61196,45198,40029
1999,5,C,65221,45858,42599
1999,6,C,62609,44597,42890
1999,7,C,61009,44754,39707
1999,8,C,58748,40275,41525
1999,9,C,58385,39502,38729
1999,10,C,57482,42809,42504
1999,11,C,57161,41374,39227
1999,12,C,58886,42386,40687
2000,1,C,59387,43041,39812
2000,2,C,61421,40086,38039
2000,3,C,57034,41580,38792
2000,4,C,57195,41421,42444
2000,5,C,51767,36972,39316
2000,6,C,51542,36325,38080
2000,7,C,49087,34957,36119
2000,8,C,53516,39383,34710
2000,9,C,59390,36607,35313
2000,10,C,54598,37717,35474
2000,11,C,50733,38391,35867
2000,12,C,50030,34873,33290
2001,1,C,51283,33593,35327
2001,2,C,49963,35052,33855
2001,3,C,50282,33665,34353
2001,4,C,54391,34132,33407
2001,5,C,54581,34894,34880
2001,6,C,51818,38272,33944
2001,7,C,48544,32089,32993
2001,8,C,46882,34087,31049
2001,9,C,44469,31979,31601
2001,10,C,44183,33462,29803
2001,11,C,46276,32168,29501
2001,12,C,44732,31196,30965
2002,1,C,41930,31094,30097
2002,2,C,45290,33524,30889
2002,3,C,41590,31090,28614
2002,4,C,44198,29650,29022
2002,5,C,44152,32565,30964
2002,6,C,45505,32402,31648
2002,7,C,41528,32072,29105
2002,8,C,40592,29072,27211
2002,9,C,38916,30375,28789
2002,10,C,41412,28999,29550
2002,11,C,38403,30104,28742
2002,12,C,40112,26914,28914
2003,1,C,41088,28985,27808
2003,2,C,39575,27556,24894
2003,3,C,38949,25752,25562
2003,4,C,36005,27300,26024
2003,5,C,36030,25868,24619
2003,6,C,38444,23706,24439
2003,7,C,36796,25737,26681
2003,8,C,38646,25659,24445
2003,9,C,39358,29663,26817
2003,10,C,42453,29882,27775
2003,11,C,43756,30277,30250
2003,12,C,45749,31338,28593
2004,1,C,51315,37373,30813
2004,2,C,53243,41640,32986
2004,3,C,56746,49703,35492
2004,4,C,54394,46031,35027
2004,5,C,53082,42681,35255
2004,6,C,51537,42520,33190
2004,7,C,52385,40974,33083
2004,8,C,55824,46790,35094
2004,9,C,60879,48437,37652
2004,10,C,61993,55707,39228
2004,11,C,63185,50437,37540
2004,12,C,61242,48400,38754
2005,1,C,64117,52845,38433
2005,2,C,62202,55889,39691
2005,3,C,67734,65045,41446
2005,4,C,68398,60970,42155
2005,5,C,68972,55030,43575
2005,6,C,66566,53217,41745
2005,7,C,67953,56884,42199
2005,8,C,66456,52959,43031
2005,9,C,69136,56430,43391
2005,10,C,68951,53211,41841
2005,11,C,61691,46952,40122
2005,12,C,65761,55737,40083
2006,1,C,65560,54375,41256
2006,2,C,66543,56540,40083
2006,3,C,69824,58194,41975
2006,4,C,69582,59558,42651
2006,5,C,71037,59756,41799
2006,6,C,73963,55686,42906
2006,7,C,66739,56835,39257
2006,8,C,67419,60936,41871
2006,9,C,69813,56434,41984
2006,10,C,70843,51539,41190
2006,11,C,70124,55213,41860
2006,12,C,69144,57425,40836
2007,1,C,73518,61864,39076
2007,2,C,76990,64523,40631
2007,3,C,75657,58256,41912
2007,4,C,77098,60684,42808
2007,5,C,78897,62055,43594
2007,6,C,80239,67900,40683
2007,7,C,77469,65829,43130
2007,8,C,84518,73175,43919
2007,9,C,83601,73301,44401
2007,10,C,87454,86771,46252
2007,11,C,89869,93994,48866
2007,12,C,99455,95831,48677
2008,1,C,99481,95147,50514
2008,2,C,109533,95727,47535
2008,3,C,98445,90484,48614
2008,4,C,98552,75349,47148
2008,5,C,104296,85383,50097
2008,6,C,98765,81110,49708
2008,7,C,101133,82631,49316
2008,8,C,87902,74252,49578
2008,9,C,93276,74262,49927
2008,10,C,79791,68863,45320
2008,11,C,71386,73688,46956
2008,12,C,83329,68713,43907
2009,1,C,78132,75384,44531
2009,2,C,82107,69153,45405
2009,3,C,81119,74127,44910
2009,4,C,85829,81015,46799
2009,5,C,93817,80005,48234
2009,6,C,94654,90489,49033
2009,7,C,95671,79531,48441
2009,8,C,102585,99006,49990
2009,9,C,104660,90432,50152
2009,10,C,103617,89809,52500
2009,11,C,105437,85511,54337
2009,12,C,103256,99193,53097
2010,1,C,105598,96843,55093
2010,2,C,109116,100676,54136
2010,3,C,118839,109062,55059
2010,4,C,111255,102549,56409
2010,5,C,106500,98291,55957
2010,6,C,112683,95477,58694
2010,7,C,111011,104119,61634
2010,8,C,115850,105614,61666
2010,9,C,112005,116809,61495
2010,10,C,112177,121130,63056
2010,11,C,121249,125738,63230
2010,12,C,121481,131466,62586
2011,1,C,130410,118561,65839
2011,2,C,133380,131526,65710
2011,3,C,137085,124898,65728
2011,4,C,139142,112319,67110
2011,5,C,144823,134173,70613
2011,6,C,145168,133438,71792
2011,7,C,134378,128527,68837
2011,8,C,136641,109140,69884
2011,9,C,132001,118561,73209
2011,10,C,130082,126239,69378
2011,11,C,124811,125456,66533
2011,12,C,125885,108406,65970
2012,1,C,128038,127677,67404
2012,2,C,133179,117862,69854
2012,3,C,138376,117611,70739
2012,4,C,135609,130967,69933
2012,5,C,139791,124308,73507
2012,6,C,144354,116708,73187
2012,7,C,148644,132535,74050
2012,8,C,141634,130654,78488
2012,9,C,146293,133996,79064
2012,10,C,154398,141311,81989
2012,11,C,156101,144279,84442
2012,12,C,149490,133071,84645
2013,1,C,153218,149171,83541
2013,2,C,162933,147958,84870
2013,3,C,162303,131275,84495
2013,4,C,152579,139021,86166
2013,5,C,164125,128721,84331
2013,6,C,159279,135479,88269
2013,7,C,155242,135567,88513
2013,8,C,154769,156498,88977
2013,9,C,160475,142700,83902
2013,10,C,168505,128946,84575
2013,11,C,161798,128024,84787
2013,12,C,163547,131783,86788
2014,1,C,155848,130555,85949
2014,2,C,153642,148517,80807
2014,3,C,139930,119849,83048
2014,4,C,150941,141165,88014
2014,5,C,146313,127602,86261
2014,6,C,152815,144548,88731
2014,7,C,140621,130799,89249
2014,8,C,159152,133557,90742
2014,9,C,155153,149010,91694
2014,10,C,158242,147216,93354
2014,11,C,167636,143987,94218
2014,12,C,159238,145756,95058
2015,1,C,172497,140574,97361
2015,2,C,169071,151768,94277
2015,3,C,166777,138633,102627
2015,4,C,170560,151631,100716
2015,5,C,176366,153818,103624
2015,6,C,179459,158861,105736
2015,7,C,170908,154191,107064
2015,8,C,181770,146704,105710
2015,9,C,174574,166294,101746
2015,10,C,160319,157851,95326
2015,11,C,167668,140658,97175
2015,12,C,153661,127824,98222
2016,1,C,139160,154162,90632
2016,2,C,173390,145688,93876
2016,3,C,162224,144512,93636
2016,4,C,153594,145701,95092
2016,5,C,153059,149022,96873
2016,6,C,156139,150673,95109
2016,7,C,163322,153184,94996
2016,8,C,164639,135220,98053
2016,9,C,171045,149165,100183
2016,10,C,170455,156642,101524
2016,11,C,171687,160648,105424
2016,12,C,159855,144527,99748
2017,1,C,185736,149225,107401
2017,2,C,178320,167539,108045
2017,3,C,177600,161246,108623
2017,4,C,184974,171789,107567
2017,5,C,181567,152209,109354
2017,6,C,190235,162729,111370
2017,7,C,184957,151987,112878
2017,8,C,182970,182005,111051
2017,9,C,180860,169957,113868
2017,10,C,184141,158590,116829
2017,11,C,190567,172766,123395
2017,12,C,200471,157133,121393
2018,1,C,203758,170613,121870
2018,2,C,206056,205891,126876
2018,3,C,188657,165662,127666
2018,4,C,208410,180819,124817
2018,5,C,218381,167171,129269
2018,6,C,218786,189263,135044
2018,7,C,216671,169237,126511
2018,8,C,208694,173651,134150
2018,9,C,225441,173797,132616
2018,10,C,220943,145934,134054
2018,11,C,223330,188677,115504
2018,12,C,203331,181117,132458
2019,1,C,204993,178145,121424
2019,2,C,194115,195644,127451
2019,3,C,206658,194186,134892
2019,4,C,225161,185855,139424
2019,5,C,222399,196066,134294
2019,6,C,224557,163757,138157
2019,7,C,219802,183860,143037
2019,8,C,218581,191974,131532
2019,9,C,212944,204144,131352
2019,10,C,201577,209691,129854
2019,11,C,213381,178721,127526
2019,12,C,217222,173052,124582
2020,1,C,215087,191345,126413
2020,2,C,211860,181726,132884
2020,3,C,210191,199418,123308
2020,4,C,197467,203862,126238
2020,5,C,203498,185049,130435
2020,6,C,218654,204510,129453
2020,7,C,225440,190223,128353
2020,8,C,207449,184821,128927
2020,9,C,210354,185294,131513
2020,10,C,216517,181797,132990
2020,11,C,216007,172377,129560
2020,12,C,199347,179630,132696
2021,1,C,203860,185691,136923
2021,2,C,209623,198589,134299
2021,3,C,212374,192025,137873
2021,4,C,211389,181398,132257
2021,5,C,221965,184829,138630
2021,6,C,210166,186379,143039
2021,7,C,218195,195883,139443
2021,8,C,212493,193601,135707
2021,9,C,228079,183862,141097
2021,10,C,213691,205332,138074
2021,11,C,218572,157340,137963
2021,12,C,220620,193351,132671
1999,1,D,61445,56292,50457
1999,2,D,63976,54817,46759
1999,3,D,63983,51646,50737
1999,4,D,67599,48628,43915
1999,5,D,68728,50312,48495
1999,6,D,64715,52227,46993
1999,7,D,71697,54215,48568
1999,8,D,65013,46020,48060
1999,9,D,66689,48738,45025
1999,10,D,64406,49622,47862
1999,11,D,63750,46111,45452
1999,12,D,65295,47200,44315
2000,1,D,68049,47369,46486
2000,2,D,66025,49315,46877
2000,3,D,64493,51031,44971
2000,4,D,65343,50063,40951
2000,5,D,63967,49664,40027
2000,6,D,57763,43103,42034
2000,7,D,59798,41730,42021
2000,8,D,64332,44050,38520
2000,9,D,62051,43353,38729
2000,10,D,63146,43958,39393
2000,11,D,58857,48043,39166
2000,12,D,56291,44212,36949
2001,1,D,59323,43509,38053
2001,2,D,55810,46579,33478
2001,3,D,58803,45809,35123
2001,4,D,62783,46234,37850
2001,5,D,61673,32610,38105
2001,6,D,54828,38301,34820
2001,7,D,59368,38717,31488
2001,8,D,52164,46006,33557
2001,9,D,57466,41290,34693
2001,10,D,50240,40553,31518
2001,11,D,53071,36541,33570
2001,12,D,54884,42157,33101
2002,1,D,47563,42541,33225
2002,2,D,50845,39722,35079
2002,3,D,49398,37940,30409
2002,4,D,54226,35547,34546
2002,5,D,54564,38830,35779
2002,6,D,52225,36463,31484
2002,7,D,51299,41824,32086
2002,8,D,49339,35098,28674
2002,9,D,48872,34566,31595
2002,10,D,56052,33897,29560
2002,11,D,52033,35901,29533
2002,12,D,52956,32476,29165
2003,1,D,48093,34694,31664
2003,2,D,52901,37744,27896
2003,3,D,42497,32470,30805
2003,4,D,40724,32503,29594
2003,5,D,47856,33665,26639
2003,6,D,45624,35854,29310
2003,7,D,50463,33135,25747
2003,8,D,43275,34927,28725
2003,9,D,52827,32407,29026
2003,10,D,51320,33720,31375
2003,11,D,48844,37829,34767
2003,12,D,49704,33060,35585
2004,1,D,56141,40227,36894
2004,2,D,60261,49792,38271
2004,3,D,69537,50727,40788
2004,4,D,63681,53913,42067
2004,5,D,64962,48208,39843
2004,6,D,59622,49110,38628
2004,7,D,61365,69039,40385
2004,8,D,62324,61484,37427
2004,9,D,63887,70356,44489
2004,10,D,77171,76898,48155
2004,11,D,74848,68828,45358
2004,12,D,73354,76020,42863
2005,1,D,77357,67460,47114
2005,2,D,78003,69440,46902
2005,3,D,83831,76113,49730
2005,4,D,85374,74682,52999
2005,5,D,85991,70047,49389
2005,6,D,85537,69603,46907
2005,7,D,81371,71404,53689
2005,8,D,80122,83979,51960
2005,9,D,85150,73919,51888
2005,10,D,77582,72013,49110
2005,11,D,83484,69108,49075
2005,12,D,82771,69862,50931
2006,1,D,84337,72873,45247
2006,2,D,76207,69884,51243
2006,3,D,86836,76766,45590
2006,4,D,86946,85353,43839
2006,5,D,86833,76919,50371
2006,6,D,86287,75724,45431
2006,7,D,84452,76292,50308
2006,8,D,86104,79203,49444
2006,9,D,80288,67285,51820
2006,10,D,92118,78217,50922
2006,11,D,90805,74597,45869
2006,12,D,86343,69964,54012
2007,1,D,89230,81801,48728
2007,2,D,90503,78097,58112
2007,3,D,91840,79365,55463
2007,4,D,97791,81943,55043
2007,5,D,98097,76998,56925
2007,6,D,101244,89175,53919
2007,7,D,102538,78143,47355
2007,8,D,113279,90209,54822
2007,9,D,109693,82724,56898
2007,10,D,113689,110411,60176
2007,11,D,123380,117816,61584
2007,12,D,126421,108668,59938
2008,1,D,124966,105006,57310
2008,2,D,128075,101869,67761
2008,3,D,125055,101729,64327
2008,4,D,128765,96136,59546
2008,5,D,140673,102186,63289
2008,6,D,132030,121070,61911
2008,7,D,130700,111414,56010
2008,8,D,122590,108836,55719
2008,9,D,114995,109030,47325
2008,10,D,106310,91941,52323
2008,11,D,95906,85605,50340
2008,12,D,97103,87092,51036
2009,1,D,106691,91833,48319
2009,2,D,103114,83189,52206
2009,3,D,109172,91190,49504
2009,4,D,110045,96233,53439
2009,5,D,108973,98050,59820
2009,6,D,121738,95709,61916
2009,7,D,120894,106262,61207
2009,8,D,130234,112385,56010
2009,9,D,128920,114099,61099
2009,10,D,132266,113723,58412
2009,11,D,132046,91283,56809
2009,12,D,129544,108893,61169
2010,1,D,144721,121546,58516
2010,2,D,131446,119289,60479
2010,3,D,152694,155441,61397
2010,4,D,134693,134748,59717
2010,5,D,141382,117777,66258
2010,6,D,150137,128007,70289
2010,7,D,143810,134116,67644
2010,8,D,146137,143963,69996
2010,9,D,153345,138200,69174
2010,10,D,157443,146782,71161
2010,11,D,163083,133154,72200
2010,12,D,174483,132642,68146
2011,1,D,158303,146748,66428
2011,2,D,152864,159514,73155
2011,3,D,167920,158064,70720
2011,4,D,170336,153754,82121
2011,5,D,176320,151740,77717
2011,6,D,174304,146017,73256
2011,7,D,183469,174554,66047
2011,8,D,176233,195190,77204
2011,9,D,163531,158867,66970
2011,10,D,163511,142576,74351
2011,11,D,181435,144605,77990
2011,12,D,169277,136307,67306
2012,1,D,158283,145338,74922
2012,2,D,177238,132584,73322
2012,3,D,166452,149921,76562
2012,4,D,170654,159440,75893
2012,5,D,176216,170258,72279
2012,6,D,180040,175430,73966
2012,7,D,175711,170225,80398
2012,8,D,174984,160872,78072
2012,9,D,177827,141405,82393
2012,10,D,194865,173608,78085
2012,11,D,190642,156313,73163
2012,12,D,180839,165250,78522
2013,1,D,178780,152915,78000
2013,2,D,190843,156977,73659
2013,3,D,182857,159528,81280
2013,4,D,166042,138756,87397
2013,5,D,197464,161646,89953
2013,6,D,184068,144914,75806
2013,7,D,188813,150625,76588
2013,8,D,183824,158177,80780
2013,9,D,185046,165814,81823
2013,10,D,190969,160634,84138
2013,11,D,177757,167399,72482
2013,12,D,185503,168311,90609
2014,1,D,180140,144675,77247
2014,2,D,173434,164769,71862
2014,3,D,190217,172046,84543
2014,4,D,182232,147744,89249
2014,5,D,165846,177781,86620
2014,6,D,182779,156309,89528
2014,7,D,182998,136221,85523
2014,8,D,183244,158359,83810
2014,9,D,181330,161125,92739
2014,10,D,198327,176208,83946
2014,11,D,195271,141968,82498
2014,12,D,184926,190669,88881
2015,1,D,187518,173207,94158
2015,2,D,215879,154503,96912
2015,3,D,189581,186081,95913
2015,4,D,198755,197965,101506
2015,5,D,195155,172690,88912
2015,6,D,209342,177783,95726
2015,7,D,193054,158491,96277
2015,8,D,198771,144226,106307
2015,9,D,191916,172404,100499
2015,10,D,198759,159643,101059
2015,11,D,186914,152237,96376
2015,12,D,207501,144848,93642
2016,1,D,192387,153555,82098
2016,2,D,194307,141692,92857
2016,3,D,173541,182679,85524
2016,4,D,203676,142289,88521
2016,5,D,186966,155816,91296
2016,6,D,197576,172882,94347
2016,7,D,189671,165374,101860
2016,8,D,190944,167200,96948
2016,9,D,196841,155545,94385
2016,10,D,213438,171961,100111
2016,11,D,213616,202067,99208
2016,12,D,212356,196301,94604
2017,1,D,191646,169958,92255
2017,2,D,211418,162119,106294
2017,3,D,202151,170264,101992
2017,4,D,221164,155837,96603
2017,5,D,213682,183973,113707
2017,6,D,220279,179611,112057
2017,7,D,203454,196826,101000
2017,8,D,219574,213662,94217
2017,9,D,189855,173071,100692
2017,10,D,242599,176252,101953
2017,11,D,221537,192403,109617
2017,12,D,240344,194677,108534
2018,1,D,231143,176014,120848
2018,2,D,229862,217407,125806
2018,3,D,222381,226643,107341
2018,4,D,235148,190609,115753
2018,5,D,227107,187300,113624
2018,6,D,230433,213306,121026
2018,7,D,231824,218193,111461
2018,8,D,250619,156000,113785
2018,9,D,239107,185978,113235
2018,10,D,257319,185669,116561
2018,11,D,242891,195585,118483
2018,12,D,217471,166815,119084
2019,1,D,223165,186934,126275
2019,2,D,219460,223731,118588
2019,3,D,245696,210044,126010
2019,4,D,262907,183519,118893
2019,5,D,249481,220501,130284
2019,6,D,242229,189425,134434
2019,7,D,268355,217326,124536
2019,8,D,254454,197754,112102
2019,9,D,252393,195162,122272
2019,10,D,242240,198012,114641
2019,11,D,243440,253839,120192
2019,12,D,226967,195559,103503
2020,1,D,228178,204142,114711
2020,2,D,246309,172184,136778
2020,3,D,234466,195049,115963
2020,4,D,220911,160615,122349
2020,5,D,233350,194587,123858
2020,6,D,251951,197924,121607
2020,7,D,240818,200049,113451
2020,8,D,238421,217906,123068
2020,9,D,224046,192770,123381
2020,10,D,217454,192513,102747
2020,11,D,241755,191323,125658
2020,12,D,240048,224146,121482
2021,1,D,209916,197157,121776
2021,2,D,247821,223667,123662
2021,3,D,241478,206691,123108
2021,4,D,253834,194656,124249
2021,5,D,261326,217745,130321
2021,6,D,235146,193379,128762
2021,7,D,240242,214119,128553
2021,8,D,257158,255928,126718
2021,9,D,265624,188081,128644
2021,10,D,270143,210626,119355
2021,11,D,242231,210543,131324
2021,12,D,229725,232979,123660
1999,1,E,72978,62551,50968
1999,2,E,66326,59774,45945
1999,3,E,74608,61790,46120
1999,4,E,73489,75745,46953
1999,5,E,78077,86018,50454
1999,6,E,84812,77935,45665
1999,7,E,79126,66958,48253
1999,8,E,80514,76367,44656
1999,9,E,77586,64729,46018
1999,10,E,81675,58853,44525
1999,11,E,80433,106211,52201
1999,12,E,81539,87765,47884
2000,1,E,82998,83864,55588
2000,2,E,76964,72174,32794
2000,3,E,79652,57860,47701
2000,4,E,77790,57519,49587
2000,5,E,75176,70041,45272
2000,6,E,88226,63397,45691
2000,7,E,69709,0,42440
2000,8,E,74217,72255,41660
2000,9,E,80915,76907,45768
2000,10,E,89606,82317,38395
2000,11,E,86264,69554,41118
2000,12,E,84189,51867,41001
2001,1,E,71743,71798,30807
2001,2,E,70098,41096,32820
2001,3,E,69598,53520,37543
2001,4,E,69443,57825,36738
2001,5,E,67545,88662,34375
2001,6,E,79298,58496,36180
2001,7,E,75987,62152,32777
2001,8,E,65254,59591,35349
2001,9,E,77209,60418,27566
2001,10,E,62255,56864,35101
2001,11,E,67286,51206,43616
2001,12,E,67324,63457,38882
2002,1,E,68014,48743,38444
2002,2,E,71540,38674,34801
2002,3,E,71745,53416,32982
2002,4,E,63272,45062,35427
2002,5,E,70221,46094,41927
2002,6,E,69572,54835,35891
2002,7,E,67674,50385,32363
2002,8,E,61565,38841,33759
2002,9,E,59100,46571,34596
2002,10,E,63298,47268,27461
2002,11,E,61951,98749,34433
2002,12,E,61191,48057,37626
2003,1,E,65710,56170,36422
2003,2,E,62588,0,40133
2003,3,E,65928,46428,30910
2003,4,E,63784,37160,31449
2003,5,E,66009,20447,30129
2003,6,E,54339,48525,27720
2003,7,E,67939,45543,33936
2003,8,E,65633,42899,31943
2003,9,E,64012,46845,32477
2003,10,E,67625,63244,37834
2003,11,E,67722,67799,37238
2003,12,E,76151,71822,36417
2004,1,E,81387,35310,42115
2004,2,E,83250,85361,40133
2004,3,E,97765,67382,44498
2004,4,E,84343,85668,35825
2004,5,E,87045,63945,37353
2004,6,E,100231,109496,39263
2004,7,E,89732,54205,30742
2004,8,E,93012,72419,47197
2004,9,E,101521,62610,52821
2004,10,E,104086,98480,47595
2004,11,E,118877,78269,43145
2004,12,E,100033,94371,54250
2005,1,E,101467,82354,51752
2005,2,E,117761,83341,52005
2005,3,E,103097,76960,49826
2005,4,E,129535,94248,61180
2005,5,E,130692,79637,67780
2005,6,E,114575,120309,58914
2005,7,E,120889,69132,55611
2005,8,E,108273,153266,55938
2005,9,E,113971,125830,64606
2005,10,E,134657,115723,76565
2005,11,E,99380,92995,48005
2005,12,E,112012,107191,49348
2006,1,E,138664,86517,52660
2006,2,E,114667,104601,65209
2006,3,E,118955,109771,48578
2006,4,E,108680,108732,60194
2006,5,E,124265,101315,54390
2006,6,E,118526,101109,55254
2006,7,E,145366,67665,54332
2006,8,E,129472,117118,63235
2006,9,E,121137,99372,57344
2006,10,E,117339,90214,58246
2006,11,E,112425,76397,53109
2006,12,E,111958,104510,57550
2007,1,E,114400,105955,70225
2007,2,E,126550,112314,58852
2007,3,E,131295,71164,70206
2007,4,E,141108,95015,63648
2007,5,E,144810,99535,54231
2007,6,E,130287,136530,57718
2007,7,E,138041,123192,62644
2007,8,E,158075,156012,64573
2007,9,E,157125,114845,69814
2007,10,E,161014,133925,86415
2007,11,E,181793,134358,79362
2007,12,E,195632,168199,80439
2008,1,E,177232,104657,88253
2008,2,E,195157,137096,77841
2008,3,E,165690,160841,77025
2008,4,E,187962,140866,73982
2008,5,E,178007,157255,72070
2008,6,E,201296,122304,91795
2008,7,E,149052,164432,51503
2008,8,E,179671,157871,70409
2008,9,E,201519,164244,65029
2008,10,E,165696,139277,42687
2008,11,E,138695,196860,53895
2008,12,E,140295,91905,59420
2009,1,E,136752,120707,68498
2009,2,E,144451,120542,65226
2009,3,E,142134,137132,54295
2009,4,E,146239,108341,64949
2009,5,E,162999,154404,68205
2009,6,E,172630,147726,71178
2009,7,E,155916,128743,73623
2009,8,E,171402,158375,65636
2009,9,E,181905,144074,78109
2009,10,E,191615,158421,71421
2009,11,E,177491,189760,55637
2009,12,E,184254,155074,79797
2010,1,E,198436,162285,79276
2010,2,E,198954,137882,76369
2010,3,E,195281,163589,79752
2010,4,E,208230,149217,67390
2010,5,E,210813,122352,59079
2010,6,E,182260,166754,74769
2010,7,E,209790,118835,94336
2010,8,E,237013,225751,60567
2010,9,E,236488,179192,72536
2010,10,E,207071,188902,73163
2010,11,E,204376,191906,90315
2010,12,E,191134,113496,65137
2011,1,E,237098,190591,74493
2011,2,E,210663,202466,85232
2011,3,E,182967,216708,85517
2011,4,E,258736,235508,88344
2011,5,E,231142,245456,95354
2011,6,E,268083,177168,96144
2011,7,E,193049,342055,84732
2011,8,E,205358,0,67890
2011,9,E,190163,235128,72685
2011,10,E,313450,173473,63328
2011,11,E,247469,91343,61234
2011,12,E,285817,210174,50456
2012,1,E,292150,153410,49725
2012,2,E,230705,150361,91779
2012,3,E,250319,164195,88760
2012,4,E,282049,204536,75099
2012,5,E,251057,182059,103844
2012,6,E,297755,167328,78474
2012,7,E,255160,163129,88902
2012,8,E,239140,221003,96112
2012,9,E,285088,187224,92507
2012,10,E,254693,190350,96242
2012,11,E,269236,323001,79906
2012,12,E,217475,224366,85676
2013,1,E,248630,203404,97895
2013,2,E,264174,192667,75015
2013,3,E,0,153740,108811
2013,4,E,250478,197178,77367
2013,5,E,220589,203923,67534
2013,6,E,264974,220015,52845
2013,7,E,329423,205678,99783
2013,8,E,351027,217289,63421
2013,9,E,223636,155824,80318
2013,10,E,288780,0,80828
2013,11,E,212216,0,75447
2013,12,E,230610,192939,73987
2014,1,E,298896,557678,63226
2014,2,E,282660,0,77574
2014,3,E,252731,311954,69595
2014,4,E,217482,208282,69527
2014,5,E,241024,201432,61089
2014,6,E,231794,294627,77017
2014,7,E,187774,226070,80538
2014,8,E,266985,189181,75217
2014,9,E,251337,202327,66251
2014,10,E,250511,197228,87626
2014,11,E,286672,205896,73839
2014,12,E,253795,192621,76417
2015,1,E,212108,0,90613
2015,2,E,206375,310947,72891
2015,3,E,227406,285667,81938
2015,4,E,230305,175436,97235
2015,5,E,245471,113863,103147
2015,6,E,215963,171254,131290
2015,7,E,261183,220875,72531
2015,8,E,263819,0,81271
2015,9,E,301318,196863,88326
2015,10,E,231285,248255,82420
2015,11,E,226361,193424,77268
2015,12,E,239001,232564,80059
2016,1,E,211327,192067,71136
2016,2,E,188414,0,65411
2016,3,E,245048,208336,93043
2016,4,E,245171,243520,71193
2016,5,E,218079,196098,81815
2016,6,E,234386,188398,91043
2016,7,E,217234,234271,86290
2016,8,E,245937,291560,83660
2016,9,E,229523,307372,76196
2016,10,E,263134,190476,88056
2016,11,E,243374,202962,93950
2016,12,E,280770,216219,70474
2017,1,E,275942,277549,87576
2017,2,E,199533,438692,113930
2017,3,E,254537,326249,80038
2017,4,E,250950,0,97496
2017,5,E,240325,206056,104988
2017,6,E,216464,240085,92669
2017,7,E,222803,299563,73561
2017,8,E,255878,285745,107839
2017,9,E,264747,245016,93452
2017,10,E,276889,400288,98788
2017,11,E,286886,243749,78091
2017,12,E,279933,242672,89477
2018,1,E,285351,317792,91250
2018,2,E,287628,230788,107487
2018,3,E,278303,287468,73282
2018,4,E,276919,237793,101404
2018,5,E,286441,248338,99602
2018,6,E,282608,334351,81838
2018,7,E,327510,0,105437
2018,8,E,337828,236813,117800
2018,9,E,274992,173088,100806
2018,10,E,466568,0,157296
2018,11,E,226340,342648,102348
2018,12,E,0,0,96847
2019,1,E,344962,141414,85570
2019,2,E,283221,0,91263
2019,3,E,283780,256932,95465
2019,4,E,278109,208900,95739
2019,5,E,298078,135422,104903
2019,6,E,258589,194229,102837
2019,7,E,299408,309625,92810
2019,8,E,278644,0,88800
2019,9,E,242146,293133,71952
2019,10,E,136154,310705,95385
2019,11,E,252212,226734,94670
2019,12,E,233576,266674,95961
2020,1,E,308103,0,99182
2020,2,E,201529,395663,117349
2020,3,E,250116,424044,97323
2020,4,E,367799,191206,95565
2020,5,E,273574,260591,95912
2020,6,E,259800,249932,118152
2020,7,E,239251,262111,111109
2020,8,E,269438,351722,106539
2020,9,E,272610,212795,119555
2020,10,E,285639,279394,92961
2020,11,E,265365,181810,92259
2020,12,E,272529,276247,90088
2021,1,E,301089,0,114447
2021,2,E,299952,218671,122603
2021,3,E,234706,167141,113472
2021,4,E,274255,203921,119158
2021,5,E,278760,212290,121565
2021,6,E,262670,247690,105382
2021,7,E,292601,0,100376
2021,8,E,319911,419368,119062
2021,9,E,293324,221061,123987
2021,10,E,396782,0,117391
2021,11,E,241116,282516,112190
2021,12,E,283455,266372,102956
